﻿<?xml version="1.0" encoding="utf-8"?>
<!--Comments: Settings for the FlexPendant.-->
<FP>
  <USER name="">
    <DATA id="Joystick Values">
      <PROP name="Pos" value="10,20,40,60,90,120,178,275,412,587,801,1055,1347,1678,2048" />
      <PROP name="Neg" value="-10,-20,-40,-60,-90,-120,-178,-275,-412,-587,-801,-1055,-1347,-1678,-2048" />
    </DATA>
    <DATA id="ViewInManual">
      <PROP name="text" value="PARAM_TXT_VIEWINMANUAL" />
      <PROP name="dll" value="" />
      <PROP name="type" value="" />
    </DATA>
    <DATA id="CtrlPnl Configuration">
      <PROP name="LASTPATH" value="/hd0a/" />
    </DATA>
    <DATA id="DefaultPath">
      <PROP name="RapidPrograms" value="" />
      <PROP name="RapidModules" value="" />
      <PROP name="BackupRestore" value="" />
      <PROP name="Configuration" value="" />
    </DATA>
    <DATA id="AdditionalTestView">
      <PROP name="TestView" value="" />
    </DATA>
    <DATA id="Calibration view">
      <PROP name="Load Motor Calib path" value="" />
    </DATA>
    <DATA id="ABB.Robotics.Tps.FileExplorer.TpsViewFileExplorer">
      <PROP name="LASTPATH" value="/hd0a/BACKUP/a_Phoebus_20150911_3_clear tasks/" />
    </DATA>
    <DATA id="Programmable Key_2">
      <PROP name="type" value="Output" />
      <PROP name="allowInAuto" value="Yes" />
      <PROP name="pressed" value="PressRelease" />
      <PROP name="target" value="VP_MOTOPB" />
    </DATA>
    <DATA id="ViewInAuto">
      <PROP name="text" value="PARAM_TXT_VIEWINAUTO" />
      <PROP name="dll" value="TpsViewProductionWnd.dll" />
      <PROP name="type" value="ABB.Robotics.Tps.Production.TpsViewProductionWnd" />
    </DATA>
    <DATA id="TaskPanelSettings">
      <PROP name="level" value="AllTasks" />
    </DATA>
    <DATA id="Programmable Key_1">
      <PROP name="type" value="Output" />
      <PROP name="allowInAuto" value="Yes" />
      <PROP name="pressed" value="Toggle" />
      <PROP name="target" value="VP_MODEKEY" />
    </DATA>
    <DATA id="Programmable Key_3">
      <PROP name="type" value="Output" />
      <PROP name="allowInAuto" value="No" />
      <PROP name="pressed" value="Toggle" />
      <PROP name="target" value="VP_ENABLE" />
    </DATA>
    <DATA id="GoToPosition ROB_1">
      <PROP name="FilterScope" value="All" />
      <PROP name="FilterString" value="" />
    </DATA>
    <DATA id="Program Editor">
      <PROP name="HideDeclarations" value="True" />
      <PROP name="ProgramPath" value="ctrl:/hd0a/Phoebus_P3_20140110/NewProgramName" />
      <PROP name="ModulePath" value="ctrl:/hd0a/LeicaProcedures_ROB2/" />
      <PROP name="ShowOnlyServiceRoutines" value="False" />
    </DATA>
    <DATA id="Backup Restore">
      <PROP name="LastPath" value="ctrl:/hd0a/BACKUP/" />
    </DATA>
    <DATA id="UASViewLevel">
      <PROP name="text" value="PARAM_TXT_UASVIEWLEVEL" />
      <PROP name="level" value="Msg" />
      <PROP name="type" value="" />
    </DATA>
    <DATA id="GoToPosition ROB_2">
      <PROP name="FilterScope" value="All" />
      <PROP name="FilterString" value="" />
    </DATA>
    <DATA id="ABB.Robotics.Tps.Controls.TpsCtrlEventLog">
      <PROP name="LASTPATH" value="ctrl:/hd0a/Phoebus_P3_4/HOME/" />
    </DATA>
    <DATA id="Programmable Key_4">
      <PROP name="type" value="Output" />
      <PROP name="allowInAuto" value="No" />
      <PROP name="pressed" value="Toggle" />
      <PROP name="target" value="VP_GS" />
    </DATA>
    <DATA id="ViewInManFull">
      <PROP name="text" value="PARAM_TXT_VIEWINMANFULL" />
      <PROP name="dll" value="" />
      <PROP name="type" value="" />
    </DATA>
    <DATA id="IO View">
      <PROP name="Configurations file" value="/hd0a/Phoebus_P3_4/INTERNAL/FPConfigurations.xml" />
      <PROP name="Signal view layout" value="ValueLabelType" />
    </DATA>
    <DATA id="QuickSet">
      <PROP name="IncrementToggle" value="Small" />
    </DATA>
    <DATA id="IO Filter">
      <PROP name="IO Virtual filter" value="All" />
      <PROP name="IOFilterLimit" value="100" />
      <PROP name="IO Name filter" value="" />
      <PROP name="IOUnit Name Filter" value="" />
      <PROP name="IOBus Name Filter" value="" />
      <PROP name="IO Category filter" value="" />
      <PROP name="IOFilterValue" value="100" />
    </DATA>
  </USER>
</FP>